<?xml version="1.0" encoding="iso-8859-1"?>
<?xml-stylesheet href="file:///C:/Program Files (x86)/Nmap/nmap.xsl" type="text/xsl"?><nmaprun start="1619100892" profile_name="" xmloutputversion="1.04" scanner="nmap" version="7.91" startstr="Thu Apr 22 17:14:52 2021" args="nmap -sL www.aueb.gr"><verbose level="0"></verbose><debugging level="0"></debugging><output type="interactive">Starting Nmap 7.91 ( https://nmap.org ) at 2021-04-22 17:14 Eanei? ?na GTB
Nmap scan report for www.aueb.gr (195.251.255.156)
rDNS record for 195.251.255.156: www-cl.aueb.gr
Nmap done: 1 IP address (0 hosts up) scanned in 0.40 seconds
</output><host comment=""><status state="unknown"></status><address addrtype="ipv4" vendor="" addr="195.251.255.156"></address><hostnames><hostname type="user" name="www.aueb.gr"></hostname><hostname type="PTR" name="www-cl.aueb.gr"></hostname></hostnames><ports></ports><os></os><uptime lastboot="" seconds=""></uptime><tcpsequence index="" values="" difficulty=""></tcpsequence><ipidsequence values="" class=""></ipidsequence><tcptssequence values="" class=""></tcptssequence></host><runstats><finished timestr="Thu Apr 22 17:14:52 2021" time="1619100892"></finished><hosts down="1" total="1" up="0"></hosts></runstats></nmaprun>